id;name;code;description;category;timestamp;is_active
1;Generic Steel Tuna;website calculating;cross-platform support;navigate wireless Chilean Peso Unidades de fomento;2020-04-05;true
2;reboot deposit Sri Lanka Rupee;withdrawal Refined Metal Car Division;Steel;Kina networks;2020-04-05;true
3;partnerships throughput;Union transmitting;New Zealand;Bedfordshire;2020-04-05;true
4;Bedfordshire intranet Drive;Australian Dollar;Bike;digital;2020-04-05;true
5;Identity orange Security;Data Identity;Dynamic auxiliary;Human New Mexico Implementation;2020-04-05;false
6;Shirt intangible;Prairie;Rubber CSS;Bike Keyboard Tunnel;2020-04-05;false
7;black;pixel Gorgeous Rubber Cheese quantifying;cross-platform;multi-byte online Forward;2020-04-05;true
8;hacking;efficient;Buckinghamshire;Practical AGP Implementation;2020-04-04;true
9;navigate grey Harbors;Automotive Massachusetts Checking Account;system-worthy;Ergonomic;2020-04-04;false
10;deposit;convergence;back-end Automotive internet solution;Zimbabwe Small Wooden Chicken Balboa US Dollar;2020-04-04;true
